mturk,time_spent,status,notes,group_id,group_round1,group_round2,group_round3,case1,case2,case3,chat_username,age,gender,education,political,political_engagement,confidence,moral0,moral1,moral2,moral3,moral4,moral5,control_difficulty,control_time,control_satisfaction,control0,control1,control2,control3,control4,control5,scaleable_vote,scaleable_content_unlist,scaleable_content_delete,scaleable_content_report,scaleable_user_warn,scaleable_user_ban,scaleable_user_permaban,scaleable_justification,scaleable_difficulty,scaleable_time,scaleable_satisfaction,scaleable0,scaleable1,scaleable2,scaleable3,scaleable4,scaleable5,immersive_vote,immersive_content_unlist,immersive_content_delete,immersive_content_report,immersive_user_warn,immersive_user_ban,immersive_user_permaban,immersive_justification,immersive_difficulty,immersive_time,immersive_satisfaction,immersive_convo,immersive_trust,immersive0,immersive1,immersive2,immersive3,immersive4,immersive5,complete_pref,complete_prefwhy,complete_nonpref,complete_nonprefwhy,complete_participate0,complete_participate1,complete_participate2,complete_participate3,complete_participate4,complete_enf_rec,complete_enf_enf,complete_enf_why,complete3,complete_confidence,complete_familiarity,complete_comments,email,num_chat_messages,num_chat_words
A191V7PT3DQKDP,0:15:35,Delete,"abandoned after control, delete",3,No Jury,Blind Voting,Deliberating,christchurch,pepe,momo,,25-34,Male,College,Independent,Neutral,Somewhat,4,4,4,4,4,4,1,1,3,4,1,4,4,4,3,8,FALSE,TRUE,FALSE,TRUE,FALSE,FALSE,,0,0,0,0,0,0,0,0,0,,FALSE,FALSE,FALSE,FALSE,FALSE,FALSE,,0,0,0,0,0,0,0,0,0,0,0,,,,,FALSE,FALSE,FALSE,FALSE,FALSE,0,0,,0,0,0,,,0,0
A2P065E9CYMYJL,1:08:14,Delete,"abandoned after control, delete",3,No Jury,Blind Voting,Deliberating,christchurch,pepe,momo,steve,25-34,Male,College,Republican,Interested,Somewhat,4,5,3,4,2,4,2,3,3,2,2,2,1,2,2,7.5,TRUE,FALSE,FALSE,TRUE,FALSE,FALSE,,0,0,0,0,0,0,0,0,0,4,TRUE,FALSE,FALSE,TRUE,FALSE,FALSE,,0,0,0,0,0,0,0,0,0,0,0,,,,,FALSE,FALSE,FALSE,FALSE,FALSE,0,0,,0,0,0,,,3,29
A326O3VWP8TO8N,0:34:06,OK,,3,No Jury,Blind Voting,Deliberating,christchurch,pepe,momo,tak1,25-34,Male,College,Democrat,Interested,Moderately,4,3,4,2,2,4,1,1,5,4,4,4,4,4,4,9.5,FALSE,TRUE,FALSE,FALSE,TRUE,FALSE,I thought it was rather toxic and needed to be removed from the site.,2,5,4,4,3,4,4,4,4,6,TRUE,FALSE,FALSE,TRUE,FALSE,FALSE,I felt like the post wasn't bad enough to remove but I would still not want other innocent people to see it if they're not looking of rit..,4,5,3,3,3,4,5,4,5,5,5,round3,It would be thoroughly vetted before making a decision.,round1,Some legitimate content can get removed from the site this way.,FALSE,FALSE,TRUE,FALSE,FALSE,5,3,I still feel like it would be up to the user to self moderate sometimes as this is a subjective task.,4,4,3,,razaeria@gmail.com,3,11
A2YUCJ28XANFOX,1:07:55,OK,skipped Control survey,3,No Jury,Blind Voting,Deliberating,christchurch,pepe,momo,Liz,25-34,Female,High school,Republican,Interested,Very Much,5,5,4,3,3,5,0,0,0,0,0,0,0,0,0,8,FALSE,TRUE,FALSE,FALSE,FALSE,TRUE,I think it seemed hateful and derogatory ,1,5,3,4,2,3,4,4,4,7.5,FALSE,TRUE,FALSE,FALSE,FALSE,TRUE,I think its borderline because of the references to violence such as beheading and cutting up the character.,4,5,4,1,3,4,4,3,2,3,4,round1,I didn't always agree and I prefer to make my choices alone,round3,I just like making the decisions alone,FALSE,FALSE,TRUE,FALSE,FALSE,4,4,I think it would probably work better then a computerized system. Things that shouldn't be on their would be less likely to fall thru the cracks,5,5,5,no,lizjohnson827@yahoo.com,2,5
A36SM7QM8OK3H6,0:08:05,Delete,"abandoned, delete",3,No Jury,Blind Voting,Deliberating,christchurch,pepe,momo,,25-34,Female,College,Democrat,Very Interested,A Little,5,5,1,2,1,5,1,1,5,4,1,5,5,4,4,10,FALSE,TRUE,FALSE,FALSE,FALSE,TRUE,,0,0,0,0,0,0,0,0,0,,FALSE,FALSE,FALSE,FALSE,FALSE,FALSE,,0,0,0,0,0,0,0,0,0,0,0,,,,,FALSE,FALSE,FALSE,FALSE,FALSE,0,0,,0,0,0,,,0,0
jenny,10:17:09,Delete,admin test user,3,No Jury,Blind Voting,Deliberating,christchurch,pepe,momo,jen,,,,,,,5,5,5,5,5,5,3,3,3,3,3,3,3,3,3,7,TRUE,FALSE,FALSE,FALSE,TRUE,FALSE,test,3,3,3,3,3,3,3,3,3,8.5,FALSE,FALSE,FALSE,TRUE,FALSE,FALSE,test,3,3,3,3,3,3,3,3,3,3,3,Round 2 (Blind Voting),test,Round 2 (Blind Voting),test,FALSE,FALSE,FALSE,FALSE,FALSE,3,3,test,3,3,3,,,16,100
AKSJ3C5O3V9RB,23:50:22,OK,,4,Blind Voting,Deliberating,No Jury,momo,christchurch,pepe,vs,18-24,Female,Grad/professional,Democrat,Very Interested,Very Much,5,5,4,1,1,5,1,1,4,4,3,3,3,3,5,9,FALSE,TRUE,FALSE,FALSE,FALSE,TRUE,I think the blind voting process is an appropriate method to appropriately adjudicate questions of toxic materials. Each person gets to express their individual opinion with a majority prevailing at the end. This method also reduces the risk of bias in the sense that one won't feel pressured to select one option because they see that many other adjudicators have selected it. This keeps it more honest and genuine. ,1,0,0,0,0,0,0,0,0,4.5,FALSE,TRUE,FALSE,TRUE,FALSE,FALSE,"I personally would have voted for deletion and a warning. I wasn't sure whether others would fall on the deletion question so I moderated. Given the recent tensions, I felt deletion was the best way forward and the message did not suffice for a full ban, hence, the warning was preferred.",4,2,5,5,5,5,5,5,5,5,5,round1,"I preferred the blind voting method because it was efficient, allowed each individual to provide their personal opinion/preference, and also did not solely rely on an algorithm, which after all, is trained with human data and may miss certain nuances etc. ",round2,My least preferred method was deliberating the decision primarily because of the time it requires and massive effort needed.,TRUE,FALSE,FALSE,FALSE,FALSE,2,5,Everyone knows that the ones with power never actually comply with recommendations because they don't need to. ,5,5,3,Interesting and engaging study.,AKSJ3C5O3V9RB@gmail.com,9,70
A11P1OS26E6AMO,0:25:38,OK,,4,Blind Voting,Deliberating,No Jury,momo,christchurch,pepe,Doug,25-34,Male,College,Republican,Interested,Somewhat,4,4,3,4,4,5,1,1,3,4,2,4,2,2,2,4,TRUE,FALSE,FALSE,FALSE,FALSE,FALSE,I felt like the post could lead to more information about the suicide games for younger kids accidentally which would in turn lead to possible curious views of content which is innappropriate.,3,2,5,4,5,4,5,4,5,7.5,TRUE,TRUE,FALSE,TRUE,FALSE,FALSE,I decided that it was borderline promoting that this kind of action had good points and that it could be seen as partially justifiable.,2,2,5,3,5,4,5,5,4,4,5,round2,I liked everyone coming together in chat and discussing the topic and what they thought. It would help to see other view points as some things are more offensive to others than to me.,round3,It was an automated decision that may or may not reflect true opinions on a post.,FALSE,FALSE,TRUE,FALSE,FALSE,3,5,I think it would be nice for it to be a recommendation but even better for it to be enforced especially if it was a for sure answer to bad posts and the group making decisions were responsible.,5,4,2,This was interesting to think about and take part in.,,5,24
a,0:01:38,Delete,admin test user,4,Blind Voting,Deliberating,No Jury,momo,christchurch,pepe,a,,,,,,,0,0,0,0,0,0,0,0,0,0,0,0,0,0,0,9.5,TRUE,TRUE,FALSE,TRUE,FALSE,FALSE,,0,0,0,0,0,0,0,0,0,8.5,TRUE,TRUE,FALSE,TRUE,FALSE,FALSE,test,3,3,3,3,3,3,3,3,3,3,3,,,,,FALSE,FALSE,FALSE,FALSE,FALSE,0,0,,0,0,0,,,5,12
b,0:00:16,Delete,admin test user,4,Blind Voting,Deliberating,No Jury,momo,christchurch,pepe,test,,,,,,,0,0,0,0,0,0,0,0,0,0,0,0,0,0,0,8.5,FALSE,TRUE,FALSE,TRUE,FALSE,FALSE,,0,0,0,0,0,0,0,0,0,9,TRUE,TRUE,FALSE,TRUE,FALSE,FALSE,,0,0,0,0,0,0,0,0,0,0,0,,,,,FALSE,FALSE,FALSE,FALSE,FALSE,0,0,,0,0,0,,,0,0
c,0:00:15,Delete,admin test user,4,Blind Voting,Deliberating,No Jury,momo,christchurch,pepe,cz,,,,,,,0,0,0,0,0,0,0,0,0,0,0,0,0,0,0,7.5,FALSE,TRUE,FALSE,TRUE,FALSE,FALSE,,0,0,0,0,0,0,0,0,0,9.5,TRUE,TRUE,FALSE,TRUE,FALSE,FALSE,,0,0,0,0,0,0,0,0,0,0,0,,,,,FALSE,FALSE,FALSE,FALSE,FALSE,0,0,,0,0,0,,,0,0
d,0:00:13,Delete,admin test user,4,Blind Voting,Deliberating,No Jury,momo,christchurch,pepe,d,,,,,,,0,0,0,0,0,0,0,0,0,0,0,0,0,0,0,7.5,TRUE,FALSE,FALSE,TRUE,FALSE,FALSE,,0,0,0,0,0,0,0,0,0,10,TRUE,TRUE,FALSE,TRUE,FALSE,FALSE,,0,0,0,0,0,0,0,0,0,0,0,,,,,FALSE,FALSE,FALSE,FALSE,FALSE,0,0,,0,0,0,,,3,5
A34UER5ZQ5APMB,0:22:55,OK,lone juror,7,No Jury,Blind Voting,Deliberating,pepe,momo,christchurch,zztop,35-44,Male,High school,Democrat,Interested,Somewhat,5,5,1,1,1,5,1,1,5,4,1,4,5,3,4,5,TRUE,FALSE,FALSE,TRUE,FALSE,FALSE,"Even though the post was aimed at educating and asking why, it still provided a link to the video which spreads the information when it could have been contained and dealt without propagating. ",1,1,4,5,2,4,4,4,5,8,FALSE,TRUE,FALSE,TRUE,FALSE,FALSE,Pointing out that the terrorist has valid points validates his actions.,1,1,5,1,1,4,4,5,5,5,5,Round 2 (Blind Voting),I would like to be able to figure out the correct course based purely on the facts presented.,Round 3 (Deliberating),I'm not a super talkative person and would rather decide on the facts rather than get any external pressure from other jury members.,FALSE,FALSE,TRUE,FALSE,FALSE,5,4,"If the decision of a jury isn't at least taken into consideration, there is no point in having one, so there should be at least some communication regarding why or why not the decision was used.",5,5,5,I'm not entirely sure anyone else was even doing this assignment.  Please approve the HIT as it was completed in good faith.,beerm_common@outlook.com,3,28
A2YOVBJ9EXAI8W,0:33:18,OK,,7,No Jury,Blind Voting,Deliberating,pepe,momo,christchurch,Gumi,25-34,Male,High school,Democrat,Disinterested,Somewhat,4,4,3,2,3,2,1,1,5,4,4,4,4,4,5,6.5,TRUE,FALSE,FALSE,FALSE,TRUE,FALSE,Hmm I think this worked pretty well because it's a consensus from many users.,1,3,2,3,4,3,5,4,5,6,FALSE,TRUE,FALSE,TRUE,FALSE,FALSE,"I think it was interesting and a decent way to go about it, but took a lot of time.",2,4,5,3,4,4,4,5,5,4,5,Round 2 (Blind Voting),It's a quick compromise between the two ways,Round 3 (Deliberating),I liked it other than the waiting.,FALSE,FALSE,TRUE,FALSE,FALSE,3,3,I think it would be overall very helpful and useful.,2,4,4,Very interesting tasks! :),azumak1@gmail.com,4,48
A3QSFE6GKO157S,0:15:32,OK,,7,No Jury,Blind Voting,Deliberating,pepe,momo,christchurch,Jason,25-34,Male,College,Independent,Neutral,Somewhat,2,4,4,3,3,4,1,1,5,4,4,4,4,4,4,6,TRUE,FALSE,FALSE,TRUE,FALSE,FALSE,I chose based on my opinion.,1,1,5,5,5,5,5,5,5,7.5,TRUE,FALSE,FALSE,TRUE,FALSE,FALSE,I went with my choice because the others seemed to agree.,1,1,5,3,5,5,5,5,5,5,5,Round 3 (Deliberating),It had the most feedback.,Round 1 (No Jury),There was no feedback.,FALSE,FALSE,TRUE,FALSE,FALSE,4,4,That is my opinion.,4,5,4,No.,,2,9
A18SXC3JEN1O0U,0:33:27,OK,,7,No Jury,Blind Voting,Deliberating,pepe,momo,christchurch,Daniel,55-64,Male,High school,Independent,Very Interested,Very Much,5,3,4,2,3,5,4,4,3,3,3,3,3,2,2,7,FALSE,TRUE,FALSE,TRUE,FALSE,FALSE,"It could encourage somebody considering suicide, is in bad taste but isn't a crime.",3,1,5,5,5,5,5,5,5,7,FALSE,TRUE,FALSE,TRUE,FALSE,FALSE,"While it does publicize a well known crime, it lends publicity to the cause or perpetrator.",2,3,5,2,5,5,5,5,5,5,5,Round 2 (Blind Voting),It eliminates being persuaded by other voters.,Round 3 (Deliberating),Participants weren't very responsive.,FALSE,FALSE,TRUE,FALSE,FALSE,3,3,"Social media is entirely too biased and needs a democratic, unbiased panel to to litigate these matters. My only concern is how biased the panelists are.",3,5,5,I own and moderate my own free speech themed page and have never banned or deleted anybody and rarely delete anything over the last 14 months it has been in existence. ,,3,24
A1UW0C6QZOT3E7,0:18:31,OK,,7,No Jury,Blind Voting,Deliberating,pepe,momo,christchurch,TXJuror,45-54,Male,Grad/professional,Republican,Very Interested,Very Much,4,4,2,1,1,5,0,3,5,5,4,4,4,4,5,7,FALSE,TRUE,FALSE,TRUE,FALSE,FALSE,The images of the killing is too graphic and the link to the video telling others to harm themselves is improper and could be considered illegal,1,1,4,5,4,5,5,4,5,8,TRUE,FALSE,FALSE,FALSE,TRUE,FALSE,It was based on the violence and nature of the post and it's violation of the terms of service.,1,1,5,3,5,5,4,5,5,5,5,Round 2 (Blind Voting),It is less biased and gives a better view for the right results. No one is trying to persuade my vote.,Round 3 (Deliberating),It seemed like a waste of time.,FALSE,FALSE,TRUE,FALSE,FALSE,0,0,,0,0,0,,,2,17
A2KPT0PEUEXCC4,0:23:50,OK,,7,No Jury,Blind Voting,Deliberating,pepe,momo,christchurch,stormy,35-44,Male,High school,Republican,Neutral,Somewhat,5,3,2,2,4,5,1,2,5,4,3,4,2,5,4,7,TRUE,FALSE,FALSE,TRUE,FALSE,FALSE,While not extreme it did refer to something that is a very dangerous or was a dangerous thing on the internet(Momo)! User should be warned not to post such content again and the post should be removed from future showings and searches.,1,4,5,5,3,5,4,4,5,4,TRUE,FALSE,FALSE,TRUE,FALSE,FALSE,"This was controversial so I would just remove it from search because it is nothing extremely bad, it was just one persons opinion but it can still violate a TOS.",4,1,5,3,5,3,4,3,5,4,5,Round 3 (Deliberating),I liked round 3 because I was able to get other users opinions as well to reach a more fair outcome.,Round 2 (Blind Voting),"I just did not feel comfortable in round 2, I felt I did not have enough time/opinions and research.",TRUE,FALSE,TRUE,FALSE,FALSE,3,5,"I like this, it gives people an option to remove something toxic from social platforms and lets them explain their reasoning for doing so. It also provides a safer experience on a platform!",5,5,2,"Thank You, this was interesting.",wrjr74@gmail.com,13,84
A2CNSIECB9UP05,0:19:50,Delete,indian user,8,No Jury,Deliberating,Blind Voting,momo,christchurch,pepe,i am surya,25-34,Male,Grad/professional,Independent,Interested,Very Much,4,4,4,3,4,4,5,4,4,5,0,4,4,5,3,9.5,FALSE,TRUE,FALSE,FALSE,FALSE,TRUE,no sir ,4,5,5,5,5,5,4,4,5,10,TRUE,FALSE,FALSE,TRUE,FALSE,FALSE,very nice ,4,4,4,5,5,5,5,4,4,5,5,,yes sir,Round 2 (Deliberating),yes very intrested,FALSE,TRUE,TRUE,FALSE,FALSE,5,5,yes very important news,4,5,4,no ,tmuthuraja1234@gmail.com,12,38
AIEKCWYZTS41V,0:23:17,OK,,8,No Jury,Deliberating,Blind Voting,momo,christchurch,pepe,Jin,25-34,Male,High school,Democrat,Interested,Moderately,4,5,2,1,1,5,1,1,5,4,3,4,3,4,4,8,FALSE,TRUE,FALSE,FALSE,TRUE,FALSE,Its a horrible meme that should be deleted and get the person posting it banned for a week. It wasn't something serious enough to inform the police nor was it extreme enough to warrant a permanent ban.,1,1,2,2,2,2,2,2,2,10,FALSE,FALSE,TRUE,FALSE,TRUE,FALSE,"I believe the the post should be reported to authorities and the user banned for week one. Linking to horrible information is one thing, but the opinion given by the user has warning signs to them and should be reported to authorities since the  nature of the information was posted by a terrorist and explains his thinking on sensitive subject matters.  ",1,3,5,3,3,3,3,3,3,3,3,Round 1 (No Jury),"Round one was the easiest way of doing this and I agreed with the decision made. Round 2 was slightly worse because some people in the chat didn't really respond well to the activity, so it was hard to come to an conclusion. Round 3 was just blind voting, which works I guess but it didn't really solve anything in the end. Round one was the most effect at getting things done.",Round 3 (Blind Voting),"Nothing was really gained and nothing was solved, it would've been better if we could talk to each other, even if some participants didn't give enough feedback. ",FALSE,TRUE,TRUE,TRUE,FALSE,2,2,"I think the idea is good, but it would have to be far more complex and built upon before I could be satisfied with such a system. First of all it would have to involve people who actually takes it seriously, or set it up in a way where there is enough people voting that it can rule out meme voting or people abusing the vote to allow horrible things to slide pass the system.",5,4,4,"This was a fun little study, I greatly enjoyed it and wish more studies were like this.",Jinsaryko@yahoo.com,5,63
A129DU6FOHUVNO,0:02:53,Delete,"abandoned, delete",8,No Jury,Deliberating,Blind Voting,momo,christchurch,pepe,,35-44,Male,High school,Democrat,Neutral,Moderately,4,2,5,4,4,5,0,0,0,0,0,0,0,0,0,,FALSE,FALSE,FALSE,FALSE,FALSE,FALSE,,0,0,0,0,0,0,0,0,0,,FALSE,FALSE,FALSE,FALSE,FALSE,FALSE,,0,0,0,0,0,0,0,0,0,0,0,,,,,FALSE,FALSE,FALSE,FALSE,FALSE,0,0,,0,0,0,,,0,0
A1VPJFCJDIXGW7,0:23:16,Delete,indian user,8,No Jury,Deliberating,Blind Voting,momo,christchurch,pepe,jio,25-34,Male,College,Independent,Neutral,Very Much,2,4,5,4,2,4,5,5,3,4,5,3,5,2,4,2.5,FALSE,FALSE,FALSE,FALSE,FALSE,FALSE,i think un list from search or delete,5,5,4,5,3,4,5,4,5,8,FALSE,FALSE,TRUE,TRUE,FALSE,TRUE,i think this man is very dangerous.. of the city ,5,4,5,4,4,5,4,5,5,5,5,Round 2 (Deliberating),Deleberating is a most moderation decision ,Round 3 (Blind Voting),i did not like the blind voting,TRUE,FALSE,TRUE,FALSE,FALSE,5,5,i like the decisions to the social media platform.,0,5,5,good survey ,,7,23
A19LKLAPLXL9B1,0:21:24,Delete,indian user,8,No Jury,Deliberating,Blind Voting,momo,christchurch,pepe,prithivi ,25-34,Male,College,Republican,Interested,Somewhat,4,2,3,4,5,4,2,4,3,4,5,3,4,3,4,3,FALSE,FALSE,FALSE,FALSE,FALSE,FALSE,its very bad activity,3,4,2,4,2,4,5,3,4,4.5,TRUE,TRUE,FALSE,FALSE,TRUE,FALSE,i don't like the charater,4,5,2,3,4,4,4,2,5,2,3,Round 3 (Blind Voting),its very bad,Round 2 (Deliberating),easy to chat,FALSE,FALSE,FALSE,FALSE,FALSE,4,3,easy to making decision,4,2,4,nothing,radhakrishnanmturk281994@gmail.com,5,16
A32IRN8APZMCQ2,0:42:33,OK,,8,No Jury,Deliberating,Blind Voting,momo,christchurch,pepe,Joy,45-54,Female,College,Democrat,Very Interested,Somewhat,5,5,5,5,5,5,1,1,5,5,5,5,5,5,5,9,FALSE,TRUE,FALSE,FALSE,FALSE,TRUE,The frog meme is very racist against jewish people. There should not be hate memes on the internet.,1,1,3,5,5,5,5,5,5,10,FALSE,FALSE,FALSE,FALSE,FALSE,TRUE,I do not believe violent content should be on Facebook. Killing people should not be online.,1,1,5,5,5,5,5,5,5,5,5,Round 2 (Deliberating),You get to discuss the ideas to show people these are not good actions no matter if it is free speech. Being hateful toward others should not be free.,Round 3 (Blind Voting),You do not get to see what others put.,TRUE,FALSE,FALSE,FALSE,FALSE,5,5,I believe their should be a jury to decide what can be posted on media platforms. There should be an enforcement of decisions.,5,5,1,I do believe it is a great idea for a lot of memes that are hateful toward others to be taken off and banned.,joyofroses@aol.com,2,12
AMTTB8JUWRRM7,0:15:10,OK,,9,Blind Voting,No Jury,Deliberating,pepe,momo,christchurch,juror953,18-24,Female,College,,,,0,0,0,0,0,0,0,0,0,0,0,0,0,0,0,8,TRUE,FALSE,FALSE,TRUE,FALSE,FALSE,I thought the content was clearly toxic and targeted at Jewish people. It has no reason to be completely taken down but we should at least minimize access to it.,0,0,0,0,0,0,0,0,0,7.5,FALSE,TRUE,FALSE,TRUE,FALSE,FALSE,I felt that the content was supporting a horrible crime and should be removed. The user seems to be redeemable so I felt that they could just be warned.,0,0,0,0,0,0,0,0,0,0,0,,I felt that the no jury round made the wrong choice and deliberation was just a waste of time because there was little conversation.,,It made a very poor choice. The content didn't seem to be problematic and it still punished the user.,FALSE,TRUE,TRUE,FALSE,FALSE,0,0,I think many sites may choose not to use it if given the option so I would only be satisfied if they were forced to enforce the decision.,0,0,0,,AMTTB8JUWRRM7@gmail.com,1,14
AJTHGXBMZJ3HE,0:35:28,OK,lone juror,10,Blind Voting,Deliberating,No Jury,christchurch,momo,pepe,sha,25-34,Male,Grad/professional,Democrat,Interested,Somewhat,4,3,4,3,4,3,4,5,5,5,4,4,4,4,4,8,FALSE,FALSE,FALSE,FALSE,FALSE,FALSE,obviously the person's comment was wrong. it will definitely promote crime. So it is toxic comment that should be removed from facebook.,2,1,4,3,4,3,3,4,4,9,FALSE,TRUE,FALSE,FALSE,FALSE,FALSE,don't know why jury took this decision. Because it promotes suicide and also the target is children. ,4,3,3,3,4,2,2,2,3,3,3,Round 2 (Deliberating),because it was one of the most toxic content ,Round 1 (Blind Voting),it would not even taken into consideration because the decision is random one.,TRUE,FALSE,FALSE,TRUE,FALSE,2,5,the role of jury members is to make final decision. So their decision should be deserved and honest.,4,5,2,thanks for the survey,,4,25
A3V6XE43H0BFC9,0:20:13,Delete,indian user?,9,Blind Voting,No Jury,Deliberating,pepe,momo,christchurch,GOOGLE,25-34,Male,College,Libertarian,Disinterested,Somewhat,3,4,3,3,4,3,4,4,3,3,4,4,3,4,3,7,FALSE,FALSE,TRUE,FALSE,TRUE,FALSE,GOOD,4,3,3,4,4,4,3,4,4,7.5,FALSE,FALSE,TRUE,FALSE,FALSE,TRUE,,4,3,4,4,3,5,4,4,4,4,5,Round 2 (No Jury),NO,Round 2 (No Jury),,FALSE,TRUE,FALSE,FALSE,FALSE,3,4,,4,3,4,GOOD,,1,3
A1P6OXEJ86HQRM,0:32:46,OK,,9,Blind Voting,No Jury,Deliberating,pepe,momo,christchurch,Dud,35-44,Male,College,Democrat,Interested,A Little,5,4,2,2,1,3,1,1,5,3,1,2,1,2,4,8,FALSE,TRUE,FALSE,FALSE,TRUE,FALSE,The image is anti-Semitic.,1,2,3,2,2,3,4,1,2,10,FALSE,FALSE,TRUE,FALSE,FALSE,TRUE,"The user is promoting a mass murderer's racist manifesto for containing ""interesting points.""",2,3,4,1,3,3,3,3,4,2,4,Round 3 (Deliberating),I think it led to the best outcome. I'm not sure but I think the opportunity for users to see more perspectives before voting will lead to better decisions on average. I'm not sure an automated process can handle nuance.,Round 1 (Blind Voting),I didn't like the outcome. It was somewhat frustrating. I want to know why other users voted differently from me.,FALSE,TRUE,TRUE,FALSE,FALSE,1,4,"If it's just a recommendation, it would feel like a waste of time. I don't think the platforms will care about recommendations. It's just something they will ignore when they want to and cite as evidence of caring about users opinions when it's convenient.",3,2,3,n/a,schmergens@yahoo.com,3,41
A2W8ZV9DQWHJK,0:25:42,OK,,9,Blind Voting,No Jury,Deliberating,pepe,momo,christchurch,eirippe,25-34,Female,College,Democrat,Interested,Somewhat,4,5,3,5,3,5,1,1,2,2,1,1,2,1,2,2,FALSE,FALSE,FALSE,FALSE,FALSE,FALSE,"The process was effective, but in my opinion there was way too long of a delay. ",1,2,2,2,2,5,3,3,2,9.5,FALSE,FALSE,TRUE,FALSE,FALSE,TRUE,,0,0,0,0,0,0,0,0,0,0,0,Round 3 (Deliberating),I thought more was accomplished during this jury system. ,Round 2 (No Jury),This jury system was very poor because the jury was not given any power or influence to impact decisions. ,FALSE,FALSE,TRUE,FALSE,FALSE,0,0,,0,0,0,,,3,19
AU2RMH9IZP60M,0:19:51,OK,,9,Blind Voting,No Jury,Deliberating,pepe,momo,christchurch,SeagullDF,25-34,Male,College,Democrat,Interested,Very Much,4,4,3,2,1,5,1,1,2,2,2,2,3,1,1,7,FALSE,TRUE,FALSE,TRUE,FALSE,FALSE,"The image was pushing a harmful idea and one that could easily be misunderstood.  Plus, making fun of the event itself could upset some people since many lost family that day and during the war since.",2,0,0,0,0,0,0,0,0,9,FALSE,FALSE,TRUE,FALSE,TRUE,FALSE,"While I said don't report to the authorities in the chat, but then I thought about something.  Most of the loonies that end up shooting places are weirdos on Facebook or look up to these people publicly like this.  May as well note that.",2,1,4,3,2,5,4,5,5,4,5,Round 1 (Blind Voting),It allowed everyone to get their true decisions out there without any influencing done to it.,Round 2 (No Jury),The content was judged wrongly.  The punishment was too harsh for something that wasn't even toxic.,FALSE,FALSE,TRUE,FALSE,FALSE,4,5,We seemed to make reasonable decisions together.  I'd be happy with the outcome.,3,5,5,I believe we made the right decision for this content.  I've had run-ins with the Facebook content moderation system before on a meme page I run.  Posts have gotten removed for far less than what we saw here today.  Thank you for having me and I'd love to be a part of any other upcoming projects you all may have.  I believe I can provide a lot of insight on this topic.,lookingforalaskajg@gmail.com,3,39
A19TL7AJ0FB1JG,0:16:56,OK,,9,Blind Voting,No Jury,Deliberating,pepe,momo,christchurch,blueshoe,25-34,Female,High school,Democrat,Very Interested,Very Much,3,5,2,2,3,5,2,1,3,3,2,2,1,2,1,9,FALSE,TRUE,FALSE,FALSE,TRUE,FALSE,The post could be toxic to those of Jewish faith as well as those first responders and survivors of 9/11,1,1,5,4,4,5,5,5,5,6.5,FALSE,TRUE,FALSE,TRUE,FALSE,FALSE,"The OP didn't condone murder. It seemed like he really wanted to engage in a civil conversation. The post itself needs to be deleted, especially with the face of the terrorist in it. A one week ban could suffice but also seems strangely harsh.",2,1,5,5,5,5,5,5,5,5,5,Round 1 (Blind Voting),This seemed like the quickest and most accurate way of moderating. ,Round 2 (No Jury),"I think people are better at ""reading the room""  on social media than any algorithm. ",TRUE,FALSE,TRUE,FALSE,FALSE,5,4,Social media was made for people. I think it would put it back in our hands rather than the corporations that run it. ,5,5,5,,,4,27
A3KRJFPU2W77UB,0:17:51,Delete,"didn't participate in chat, possible fake submission",10,Blind Voting,Deliberating,No Jury,christchurch,momo,pepe,,25-34,Male,College,Libertarian,Very Interested,Very Much,5,4,4,5,4,5,3,4,5,3,4,0,4,3,5,7.5,FALSE,FALSE,TRUE,FALSE,FALSE,TRUE,,5,4,5,5,4,5,5,4,5,6,TRUE,FALSE,FALSE,FALSE,TRUE,FALSE,Iam deside very knowledgeable,5,4,3,4,5,4,3,4,5,3,5,Round 3 (No Jury),very well,Round 2 (Deliberating),very nice,FALSE,TRUE,FALSE,FALSE,FALSE,3,5,think better way,3,4,3,very nice,,0,0
A2OVWCQ4B9AHFY,0:50:45,OK,"had glitches with continuing survey, but did delib",10,Blind Voting,Deliberating,No Jury,christchurch,momo,pepe,Bastion,35-44,Male,College,Independent,Very Disinterested,Very Much,3,3,3,2,1,4,1,1,2,3,3,3,3,3,3,3,FALSE,FALSE,FALSE,FALSE,FALSE,FALSE,I felt like this post was just reporting actual news. If controversy started it was probably because of the story itself and not the user.,1,2,3,3,3,3,3,3,3,4.5,TRUE,FALSE,FALSE,FALSE,FALSE,FALSE,"This is more for Reddit or another site, not Facebook. The link may also lead to spam or viruses.",2,2,4,3,3,3,3,3,3,3,3,Round 2 (Deliberating),I think we could have reached a better consensus this way.,Round 3 (No Jury),No humans had any input.,FALSE,FALSE,TRUE,FALSE,FALSE,3,3,Humans should look over the flagged posts before being censored so legit posts don't get deleted.,3,5,5,,battlejuicej@gmail.com,21,144
A1IMRSDQ7RO9US,0:07:56,OK,,10,Blind Voting,Deliberating,No Jury,christchurch,momo,pepe,HARI,25-34,Male,Grad/professional,Independent,Interested,Somewhat,4,3,3,4,4,3,0,0,0,0,0,0,0,0,0,6,TRUE,FALSE,FALSE,FALSE,TRUE,TRUE,WHATEVER HAPPENS IT SHOULD BE MY DECISION,3,4,3,4,3,4,4,3,4,,FALSE,FALSE,FALSE,FALSE,FALSE,FALSE,,0,0,0,0,0,0,0,0,0,0,0,,,,,FALSE,FALSE,FALSE,FALSE,FALSE,0,0,,0,0,0,,,1,4
A2FL477TMKC91L,0:19:43,OK,possible deliberation glitch,10,Blind Voting,Deliberating,No Jury,christchurch,momo,pepe,Archer17,45-54,Female,Grad/professional,Democrat,Very Interested,Very Much,5,5,1,2,2,5,1,1,5,4,3,4,4,4,4,6.5,FALSE,FALSE,FALSE,FALSE,FALSE,FALSE,"The comment was not blatantly toxic, but anyone saying that mass murders have some ""interesting points"" should be watched carefully",4,2,5,5,5,5,5,5,5,9.5,TRUE,TRUE,FALSE,TRUE,FALSE,FALSE,,0,0,0,0,0,0,0,0,0,0,0,Round 1 (Blind Voting),"I liked having a say in the decision, and deliberating didn't seem to help our group much",Round 2 (Deliberating),People don't always have useful things to contribute,TRUE,FALSE,TRUE,TRUE,FALSE,4,5,"If you are going to have a jury make a decision, that decision should be carried out.",5,5,4,Nope - only that there was a little glitch after the Deliberation round and I hope my survey results made it in!,tarsiergrl@gmail.com,0,0
A69RUK0SZV067,0:17:34,OK,"Started as Group 11 (did alone), moved to Group 10, lone juror?",10,Blind Voting,Deliberating,No Jury,christchurch,momo,pepe,juror19,35-44,Male,College,Independent,Neutral,Very Much,3,3,3,2,2,5,1,1,3,4,2,3,5,0,3,1,FALSE,FALSE,FALSE,FALSE,FALSE,FALSE,Was a well known picture but did not mention anything of disturbance,1,1,5,5,4,4,3,3,4,6.5,FALSE,TRUE,FALSE,FALSE,FALSE,TRUE,Felt that this is the type of thing than could promote more violence.,2,2,5,1,5,4,4,3,3,3,4,Round 2 (No Jury),IT made me feel more in control of the outcome.,Round 3 (Blind Voting),Because ti could have went against what I favored selection I wanted.,FALSE,FALSE,TRUE,FALSE,FALSE,4,3,I think it is better to recommend doing something before doing it based upon the scenario.,4,4,2,no,mturk20182018@gmail.com,0,0
A256FHXGSY0E5D,0:17:44,OK,,12,Deliberating,Blind Voting,No Jury,momo,pepe,christchurch,JWbone,35-44,Male,High school,Independent,Disinterested,Somewhat,1,4,1,1,1,5,1,1,4,2,1,2,1,1,1,8.5,FALSE,TRUE,FALSE,FALSE,TRUE,FALSE,Obvious hate speech to say 'the jews did 9/11' with Pepe which has been stolen by the alt-right.,1,1,1,1,1,1,1,1,1,2.5,FALSE,FALSE,FALSE,FALSE,FALSE,FALSE,Seemed like someone curious about what they saw and not promoting it really. At most I'd unlist it to prevent kids from stumbling across it.,2,1,3,2,2,2,2,4,3,3,2,Round 1 (Deliberating),"Gave me the chance to see others opinions and include them into my choice. At first I thought it was violence, after someone pointed out something I re-evaluated and judged it less harshly.",Round 3 (No Jury),"Algorithms can't be trusted with doing their own thing with no human oversight, just look at the gaming platform Valve runs (Steam) they rely on algorithms for everything and the storefront is a dumpster-fire.",FALSE,TRUE,TRUE,TRUE,FALSE,2,3,Social media has proven that they can't police themselves unless it hurts their bottom line. An enforced decision at this point might improve things for everybody. Is worth a shot.,3,3,5,I'd be concerned that 'power users' could corrupt the system. Much like Reddit has moderators who 'moderate' thousands of subreddits but really don't do jack or how Wikipedia has 'contributors' who just rulemonger everything and delete anything that isn't 100% perfectly done. The system would need to be protected from allowing the more autistic sort of people who let online power and social status go to their head from ruining it and chasing off more 'normal' people otherwise the platform would become just a small slice of the communities dream site.,A256FHXGSY0E5D@gmail.com,4,51
A1PUHCEBSOWETV,0:11:42,OK,,12,Deliberating,Blind Voting,No Jury,momo,pepe,christchurch,Steveo,18-24,Male,College,Democrat,Interested,Somewhat,2,3,3,3,4,3,4,4,3,3,3,4,4,3,2,8,TRUE,TRUE,FALSE,FALSE,TRUE,FALSE,It was toxic but the person wasn't promoting it exactly. ,3,4,5,4,3,4,3,3,4,4.5,TRUE,FALSE,FALSE,TRUE,FALSE,FALSE,It seems like it was violent but it was a trying to promote it.,1,1,4,4,4,4,3,4,4,3,4,Round 2 (Blind Voting),It was fast but we got good data.,Round 3 (No Jury),I had no voice.,FALSE,FALSE,TRUE,FALSE,FALSE,4,4,It would be better than the souless bots that do it now.,4,3,4,,moxoncory@gmail.com,8,43
A1ZT30BGR3266K,0:17:34,OK,,12,Deliberating,Blind Voting,No Jury,momo,pepe,christchurch,Katie,25-34,Female,College,Democrat,Disinterested,Somewhat,3,3,4,2,3,4,1,1,3,3,3,3,3,3,3,7,FALSE,FALSE,TRUE,FALSE,TRUE,FALSE,I didn't trust the user based on their posting and post history. I thought that it would have been beneficial to report the individual to authorities for speculation.,1,1,2,2,2,3,3,2,3,8,FALSE,TRUE,FALSE,TRUE,FALSE,FALSE,I thought that the link to the image promoted the idea of suicide and self harm. ,1,1,3,2,2,3,3,3,4,4,4,Round 1 (Deliberating),I liked listening to the voice of my peers and making a decision together.,Round 2 (Blind Voting),I didn't like the decision just being made without any deliberation.,FALSE,FALSE,TRUE,FALSE,FALSE,2,3,I would be more satisfied if my opinion were acted upon. If my opinion only counted as a recommendation I would feel as if my opinion didn't matter and my time had been wasted.,4,3,3,Not at this time,gothrawkatie@yahoo.com,1,22
A1GXFMAC759VRM,0:27:03,OK,,12,Deliberating,Blind Voting,No Jury,momo,pepe,christchurch,JurorDude,35-44,Male,College,Independent,Very Interested,Somewhat,5,5,2,3,3,5,5,1,2,1,1,2,1,1,3,9,TRUE,TRUE,FALSE,TRUE,TRUE,FALSE,"I felt the content was beyond toxic and absolutely had overwhelming potential to cause harm to others. To me, it was clearly a message endorsing the anti-Semitic trope that Jewish people (""globalists"") are responsible for 9/11. It has no place whatsoever in civilized public discourse on social media.",1,1,3,4,4,4,3,3,5,5,TRUE,FALSE,FALSE,TRUE,FALSE,FALSE,"As I stated in the chat, I can definitely see how users might view the content as toxic, and I am generally familiar with the meme to which it referred. I rated it a 5 based on how I felt it would offend, and chose to issue a warning as I do not at all think the intention of the poster was to actually offend anyone.",2,1,5,5,5,5,5,5,5,5,5,Round 1 (Deliberating),"DEFINITELY preferred the deliberative process in round 1. I think in situations like this, it's important for individuals to be able to communicate what they feel might be contributing to the toxicity in the event that others aren't quite as aware of how harmful some things can be or have already historically been on social media.",Round 3 (No Jury),"I least preferred it because it is precisely what Twitter does now which -- as a longtime Twitter aficionado, can confirm w/ complete certainty -- is incredibly ineffective and inconsistent. The user who posted the information in round 3 should have been banned from the platform. And it was frustrating to have no input whatsoever into the process. It is literally why the nether regions of Twitter have become breeding grounds for neo-nazis.",FALSE,TRUE,TRUE,FALSE,FALSE,1,5,"Because I am not at all confident that mere recommendations would carry much weight, or lead to effective outcomes. Frankly, they already receive recommendations, albeit not from a formal jury, right now. It has done little to nothing to stem toxic content -- even when highly influential voices with absolutely enormous followings weigh in -- and I have little to no confidence that would change. If it was given as an enforced decision, made by a jury of peers, so to speak, I think it would be a much more effective process overall.",5,5,4,VERY cool study -- What a great and timely topic to be researching. Really enjoyed. Definitely feel free to contact for follow up questions.,lachlann001@gmail.com,16,115
A3HKMZ9ML9EPUY,0:21:21,OK,,12,Deliberating,Blind Voting,No Jury,momo,pepe,christchurch,Steven,18-24,Male,High school,Independent,Neutral,Moderately,5,4,5,2,2,4,1,4,2,3,1,3,1,2,3,9,FALSE,FALSE,FALSE,FALSE,FALSE,FALSE,I feel that this person deserved to get banned for a week along with getting their post deleted. This post is very offensive and should not be tolerated on this site.,1,1,3,4,3,3,2,2,4,5,TRUE,FALSE,FALSE,TRUE,FALSE,FALSE,"I set my vote to 5 along with a warn and unlist because I don't think that the content is inherently offensive, but it may cause fear or offense to certain people. This is why I believe that the content should be unlisted and that the person should be warned.",2,1,5,5,5,4,4,3,4,3,5,Round 1 (Deliberating),I preferred this version because it allowed all of the participants to engage in an objective discussion deciding whether or not the post should be removed.,Round 3 (No Jury),I don't like this version because it was automated and we had no control over the results.,FALSE,FALSE,TRUE,FALSE,FALSE,3,3,I would feel satisfied because that means that our decisions are actually making a difference on social media.,2,3,4,I enjoyed participating in this survey.,puellosteven@gmail.com,10,60
A2INXY39KBM92F,0:21:13,OK,,12,Deliberating,Blind Voting,No Jury,momo,pepe,christchurch,Shaun,25-34,Male,High school,Independent,Very Interested,A Little,5,5,1,1,1,5,1,1,1,3,3,3,1,3,3,4,TRUE,FALSE,FALSE,TRUE,FALSE,FALSE,"While it's pretty offensive to some, it's not directly targeting or harassing anyone. Distasteful at the very least.",3,1,2,4,4,4,4,3,4,4,TRUE,FALSE,FALSE,FALSE,FALSE,FALSE,"The person sharing the information was unaware that the information was likely false and it was no shared for any malicious reasons. Though because it was unsubstantiated claims, it should be unlisted.",2,1,3,2,2,3,3,3,3,3,3,Round 1 (Deliberating),"Until I see more extensive examples of Round 3, I'd say that having a deliberation phase is a good way to have a conclusion based on logical and reasonable discussion. I'd probably support the third round more if I could verify that it does a good job, considering it removes any subjectivity.",Round 2 (Blind Voting),I'm sure some would make illogical choices due to not being directly challenged by others to rethink or reevaluate their decision.,FALSE,FALSE,TRUE,FALSE,FALSE,4,2,"It's hard to really grasp the long term implications of enacting something like this. As bad as it is to allow some of these things to be posted, it can lead to abuse of the system if implemented.",4,2,2,None.,shaunlafleur.kj@gmail.com,2,31
AVNXCGTZQ1CFK,0:26:22,OK,,14,No Jury,Deliberating,Blind Voting,momo,pepe,christchurch,TimTammy,,,,,,,5,5,2,2,2,5,1,1,4,4,3,4,3,4,4,10,FALSE,FALSE,TRUE,FALSE,FALSE,TRUE,"Considering the overwhelmingly offensive content, I think a permanent ban for anyone sharing it is appropriate. I also think it's important that the authorities know who would even share this sort of thing so that they can be aware of those peoples activities. It contained extreme violence, hate speech, and so much more. ",1,2,3,4,5,4,5,5,5,10,FALSE,TRUE,FALSE,FALSE,TRUE,FALSE,"I thought banning for a week made it clear that the sort of behavior wasn't to be tolerated, warning kind of feels a little bit too much like something that is easily ignored or even thrilling. ",2,2,4,2,4,4,5,4,4,5,5,Round 2 (Deliberating),"I think it was actually nicer to talk to others about it, I feel like maybe if there had been a chat portion the others would have been more likely to vote the way I did. ",Round 3 (Blind Voting),"I think the others were too lenient with their decisions and talking about it might have made them more in line with me, which is a selfish view to have, I know, but it still feels like it would have been more appropriate and different people have different experiences so that might have helped. ",TRUE,TRUE,TRUE,FALSE,FALSE,4,5,"If people are going to take the time to vote on what they want, like in politics, and have nothing done about it, like in politics, I think it would be very frustrating and I would go ahead and stop using the platform altogether. ",5,5,4,"Not really, but I do want to say that I think this is really interesting and I wonder how it would be affected by different regions or areas voting on things more often than others. ",meganannwilkinson@gmail.com,8,76
A3V1ZYXBJYCIIE,0:15:51,OK,,13,No Jury,Blind Voting,Deliberating,pepe,momo,christchurch,Jaybee,45-54,Male,College,Democrat,Interested,Somewhat,4,4,2,2,3,5,2,1,4,4,4,4,3,4,4,9,FALSE,TRUE,FALSE,FALSE,FALSE,TRUE,The content was violent and was targeted to an audience of children.,1,1,2,3,3,3,2,3,3,7,FALSE,TRUE,FALSE,FALSE,TRUE,FALSE,The posted was linking to content that promoted hate speech and violence.,1,2,3,5,2,3,4,3,3,3,3,Round 3 (Deliberating),Deliberating cleared up a misconception I had.,Round 1 (No Jury),It's probably better to get a consensus and talk to others.,FALSE,FALSE,TRUE,FALSE,FALSE,2,5,I'm not sure if the platform would just ignore the recommendations.,4,4,2,Not really,swgjaybee@hotmail.com,4,38
AD14EQ9O9JKRI,0:15:45,OK,,13,No Jury,Blind Voting,Deliberating,pepe,momo,christchurch,kjkjkkk,25-34,Male,College,Democrat,Neutral,Moderately,5,4,5,1,3,5,1,1,1,1,1,1,1,1,2,1,FALSE,FALSE,FALSE,FALSE,FALSE,FALSE,"Felt that it wasn't necessarily in line with what I was thinking of in regards to ""toxicity"".",1,1,5,1,1,2,3,3,3,4,TRUE,FALSE,FALSE,FALSE,FALSE,FALSE,"Felt that people should be able to freely express their opinions as long as it does not break ToS, more specifically the hate speech aspect of it. ",1,1,4,3,3,4,4,4,4,4,4,Round 3 (Deliberating),Preferred to have several opinions more than one solo opinion to make a choice. ,Round 2 (Blind Voting),Felt that people should be able to talk out their sides and views on the matter. ,FALSE,FALSE,TRUE,FALSE,FALSE,3,3,"Could be impacted negatively through influence or such, but I'm not solely against it at all. ",4,5,5,Thanks for the survey!,davechatango@yahoo.com,2,37
A3GPTSDDHJ2DBV,0:18:59,OK,,13,No Jury,Blind Voting,Deliberating,pepe,momo,christchurch,Gray,25-34,Female,College,Independent,Disinterested,Somewhat,3,3,1,3,1,3,1,1,4,4,2,4,4,4,4,6,FALSE,TRUE,FALSE,TRUE,FALSE,FALSE,I didn't completely understand the meme but the content was harmful so I gave it the toxicity score that I did,1,1,4,5,5,5,5,5,5,8.5,TRUE,TRUE,TRUE,TRUE,FALSE,FALSE,"I thought that facebook should not allow posts that encourage illegal behavior, which in this case was the sharing of the terrorist's manifesto",1,1,2,2,2,2,3,2,2,2,2,Round 2 (Blind Voting),It was nice to see the other member's voting cause that can help inform how I should vote next time. But I didn't like waiting for the other members.,Round 3 (Deliberating),Some of the members were not nice. One member said that the reasons other members were not good conversationalists,FALSE,TRUE,TRUE,FALSE,FALSE,4,4,It would be good for the public to have a voice in the function of these social media platforms because at the moment these platforms are shaping society so drastically without any checks and balances,3,3,1,,gwnilee@gmail.com,3,32
A2SO6K35NMGBB7,0:26:02,OK,,13,No Jury,Blind Voting,Deliberating,pepe,momo,christchurch,Spindle,35-44,Male,College,Republican,Interested,Somewhat,5,3,5,1,2,5,1,1,4,3,2,4,3,4,2,6,TRUE,FALSE,FALSE,FALSE,FALSE,FALSE,"I feel like it is a violent post, their is nothing about it that is hateful or raciest.",2,4,5,5,4,4,5,4,5,6.5,FALSE,TRUE,FALSE,TRUE,FALSE,FALSE,I feel that while he posted the content there wasn't enough evidence to support true Toxicity ,3,1,5,5,4,5,5,5,5,5,5,Round 2 (Blind Voting),"It felt the most honest way, because you are going by your own opinions rather than be convinced of someone else's.",Round 1 (No Jury),a person could easily just say that the content is good and have a bunch of hateful posts floating around.,TRUE,FALSE,TRUE,FALSE,FALSE,2,5,It stream lines the process.,4,5,5,no,jason.n.louise2010@gmail.com,1,3
A28HB7240OFGEW,0:23:58,OK,,13,No Jury,Blind Voting,Deliberating,pepe,momo,christchurch,Sean,25-34,Male,College,Democrat,Interested,Very Much,4,4,4,2,2,5,1,1,4,4,4,4,4,4,4,8,FALSE,TRUE,FALSE,TRUE,FALSE,FALSE,"I think things that are marketing to children, especially when they involve violence and issues such as suicide, need to be regulated by adults. Momo could be linked to child suicides, so it's much better to play it safe and go ahead and flag it as toxic and have it removed. ",1,1,5,5,5,5,5,5,5,8,FALSE,TRUE,FALSE,TRUE,FALSE,FALSE,The post presents a very controversial and hurtful topic in such a way that can be seen as a promotion of the material. It is dangerous and should be removed. ,1,1,5,5,4,5,5,5,5,5,5,Round 3 (Deliberating),I think it's important that people are exposed to more sides of an issue than just their own. ,Round 1 (No Jury),"It is too simple. But overall they are all fine, I just had to choose a least favorite so I picked that one. ",FALSE,FALSE,TRUE,FALSE,FALSE,5,3,"I think juries can get it wrong, and that we need an ultimate decider at the end. I'd like for there to be a public record of what the jury decided so that the platform would have to explain themselves as to why they went against the decision. but in the end, it should be their decision. ",5,5,1,No,sean3278222@gmail.com,2,69
A9HQ3E0F2AGVO,0:00:12,OK,,13,No Jury,Blind Voting,Deliberating,pepe,momo,christchurch,DA,,,,,,,4,3,3,2,2,3,4,1,1,3,2,3,3,2,3,9,FALSE,TRUE,FALSE,FALSE,TRUE,FALSE,"I thought it was clear that the post contained violent imagery and encouraged suicide, and should thus be immediately removed. The user knew these topics would be harmful and posted with the intentions of them being seen, so I suggested a one week ban.",1,1,2,2,2,2,2,1,2,5,TRUE,FALSE,FALSE,TRUE,FALSE,FALSE,"I knew the group weren't real humans after a few minutes, but a creation of this experiment. So I went with my gut feelings based on the data provided.",1,1,2,1,1,2,2,2,2,1,2,Round 1 (No Jury),I don't trust other people's opinions and I think 6 is too small of a sample for a voting. I would rather have one person be a consistent judge and jury than a group of people with varied personal opinions that could be inconsistent and sway back and forth depending on issues.,Round 3 (Deliberating),"I knew I wasn't talking to real humans, it would be very easy for people to sway each other or bully each other into taking an opinion. It's not unbiased and fair.",FALSE,FALSE,FALSE,FALSE,TRUE,2,1,"I'm fine with someone considering this as evidence, but not the jury having the final say.",2,4,4,"I think the chat hurts the validity of the questions/experiment, because at that point I knew it was fabricated.",angela.wiant@gmail.com,4,74
A3D70ANCSMGX5F,0:30:02,OK,,14,No Jury,Deliberating,Blind Voting,momo,pepe,christchurch,I think that this is pretty insensitive,18-24,Male,College,Democrat,Disinterested,Moderately,2,4,2,3,4,5,3,2,3,4,2,4,3,2,4,6.5,TRUE,FALSE,FALSE,TRUE,FALSE,FALSE,"The person seemed legit in their arguement , but is hateful regardless",1,1,5,4,2,4,3,4,4,7,TRUE,FALSE,FALSE,FALSE,TRUE,FALSE,This post was insenstive to groups of innocent people,1,1,4,3,4,4,2,4,4,5,4,Round 1 (No Jury),I mad my decision for myself ,Round 3 (Blind Voting),It is the least useful imo,FALSE,FALSE,TRUE,FALSE,FALSE,3,2,Everyone has different perceptions,2,3,1,overall interesting expirement ,cbrendon93@gmail.com,1,1
A3OW5EFQ5QFD19,0:17:15,OK,,14,No Jury,Deliberating,Blind Voting,momo,pepe,christchurch,Jay,25-34,Female,College,Independent,Interested,Moderately,3,3,4,3,3,5,1,1,4,3,4,4,3,3,4,6,TRUE,FALSE,FALSE,TRUE,FALSE,FALSE,I felt it was ambiguous because the person isn't promoting anything. Suggesting this is promotion would be like saying a Hitler doc is promotion. ,3,1,2,3,2,2,1,3,3,9,FALSE,TRUE,FALSE,TRUE,FALSE,FALSE,I felt that the image itself was pretty hateful and toxic but the meme is not a hate meme on the surface. ,2,1,4,5,4,4,4,5,5,4,5,Round 2 (Deliberating),It allows everyone to voice their opinion equally. ,Round 3 (Blind Voting),Not everyone was able to vote on everything. ,FALSE,FALSE,TRUE,FALSE,FALSE,3,2,It's up to the hands of the jury on what is and isn't acceptable. Some people find hateful things acceptable. ,4,4,2,none,,2,15
A1IMO5XR05U7S5,0:14:13,OK,,14,No Jury,Deliberating,Blind Voting,momo,pepe,christchurch,squee,25-34,Female,College,Democrat,Interested,Very Much,4,4,3,3,3,4,1,1,5,5,4,4,4,5,4,9.5,FALSE,FALSE,TRUE,FALSE,FALSE,TRUE,I think that kind of stuff shouldn't be tolerated.,2,1,4,5,3,5,5,4,4,9,FALSE,TRUE,FALSE,TRUE,FALSE,FALSE,"It's very toxic, not really ban worthy if first offense but needs to be deleted",1,1,5,5,5,5,5,5,5,5,5,Round 2 (Deliberating),Was able to discuss with other people who might see things differently,Round 3 (Blind Voting),Seemed like it was set up,FALSE,FALSE,TRUE,FALSE,FALSE,5,5,I would trust it,4,5,5,None.,angela.m.valentine@gmail.com,1,1
A1B76WYZ47BQJ,0:19:21,OK,,14,No Jury,Deliberating,Blind Voting,momo,pepe,christchurch,TB,45-54,Male,College,,,,3,3,3,3,3,5,1,1,3,3,3,3,4,3,3,10,FALSE,TRUE,FALSE,FALSE,FALSE,TRUE,He promoted a crime. He dserved to be permatenly  banned.,3,3,3,5,5,5,5,5,5,5.5,FALSE,TRUE,FALSE,FALSE,TRUE,FALSE,I saw it as ant-sematic.,3,2,3,3,3,3,3,3,5,4,3,Round 3 (Blind Voting),It seems faster and easier to make a decision.,Round 2 (Deliberating),I am shy interacting with people.,FALSE,FALSE,TRUE,FALSE,FALSE,5,5,if they do this it would clean up social media.,5,5,3,"I HOPE THEY DO THIS MODERATION FOR NOT ONLY FACEBOOK,BUT YOUTUBE,REDDIT AND TWITTER.",SCOTTMONTGRAIN@GMAIL.COM,2,22
A273EH17NSJRH0,0:13:36,OK,,14,No Jury,Deliberating,Blind Voting,momo,pepe,christchurch,ayayaya,25-34,Female,Some high school,Republican,Interested,A Little,5,1,1,1,5,5,1,1,5,4,4,5,5,4,4,10,FALSE,FALSE,TRUE,FALSE,FALSE,TRUE,i think that posting links relating to terrorism is awful and it just desensitizes people ,1,1,3,4,3,4,4,3,3,2,FALSE,FALSE,FALSE,FALSE,FALSE,FALSE,i thought it wasn't that toxic it was just a stupid image made by some kid,1,1,2,4,3,4,3,3,4,3,3,Round 2 (Deliberating),i enjoy seeing people's ideas,Round 3 (Blind Voting),I think not being aware of what other people think about the issues is dangerous to freedom of the internet,FALSE,TRUE,TRUE,TRUE,FALSE,4,1,i would feel good that there was a process like that but if it was forced i would probably not use the platform,5,5,5,,,0,0
A3RR85PK3AV9TU,0:28:48,OK,,15,Blind Voting,No Jury,Deliberating,pepe,christchurch,momo,k78,25-34,Male,High school,Democrat,Interested,A Little,5,4,2,1,1,5,1,1,3,4,2,3,2,4,5,4.5,FALSE,FALSE,FALSE,TRUE,FALSE,FALSE,"I thought it was a racist caricature, attacked a specific minority group, and also supported or glorified violence. I thought warning the user was appropriate but I don't know if anything more than a warning is appropriate.",3,1,1,2,4,2,3,2,4,4,TRUE,FALSE,FALSE,FALSE,FALSE,FALSE,"I thought promoting the spread of the video that included calls to self-harm, despite the poster's intention, was somewhat toxic and that the appropriate action was to limit the spread of the video by unlisting the post.  I didn't think the user should have been punished because I don't think questioning how weird something is is necessarily bad or promoting anything bad.",4,2,4,3,3,3,4,4,4,4,4,Round 2 (No Jury),"It combined an algorithm to flag content with a paid person who presumably has training and guidelines and a decision making process. I don't know if I trust a random collection of individuals, especially if they seek out the moderation duty, and feel like random moderation teams could lead to a lot of bad outcomes.",Round 1 (Blind Voting),"If there's going to be a jury pool, I think being able to voice opinions and point out potential aspects of stuff is important to the decision making process.",FALSE,FALSE,TRUE,FALSE,FALSE,5,3,"I don't know if a platform should be forced into something made by a random group of people. I think if it's used as a way to potentially highlight something wrong or inappropriate that they should look into, though, makes sense.",2,2,3,In the first section (blind jury) all the voting was done but the continue button never appeared. I waited about 5 mins and refreshed and I hope I didn't mess something up. The rest of the experiment worked smoothly.,devinbox42@gmail.com,4,71
A2WDF40FA670T9,0:34:45,OK,,15,Blind Voting,No Jury,Deliberating,pepe,christchurch,momo,Hugh,55-64,Male,College,Libertarian,Very Interested,Somewhat,4,3,4,2,3,4,1,1,1,1,1,1,1,1,1,3.5,FALSE,FALSE,FALSE,FALSE,FALSE,FALSE,"I think it's ridiculous.  There are many theories behind what happened on 9/11 and this character is not anything that goes beyond many other claims.  It's slightly funny and offensive at the same time, but it's not something that should be banned as hate speech.  This particular group is being overly sensitive to this portrayal.",1,1,5,5,5,5,5,5,3,3.5,FALSE,FALSE,FALSE,FALSE,FALSE,FALSE,"Parents are responsible for what their kids consume.  Placing these decisions in the hands of any entity outside the home is just a recipe for mass control.  As your opening statement said, the platform has the right to censure anything, I just don't like where it's all heading.",2,2,2,2,2,2,2,2,2,2,1,Round 1 (Blind Voting),I think that people need to be able to express their own beliefs without feeling pressure to vote one way or the other.  I would hope that common sense would prevail,Round 2 (No Jury),The AI is ultimately going to ban EVERYTHING that anyone ever complains about and the manipulation will be exploited to serve agendas that go far beyond the platform.,FALSE,TRUE,TRUE,FALSE,FALSE,3,1,"I would want to know how the jury is chosen.  If you have paid shills hanging out, waiting for jury duty, they can manipulate the results and bend results to suit their political agenda.  Dangerous stuff.",4,4,3,I think I've expressed my concerns.  I hope there will remain corners of the Internet where common sense prevails and that the delicate sensibilities of what has become modern man can be escaped from.,,2,19
A3VZ5K4RRT6NN8,0:21:52,OK,,15,Blind Voting,No Jury,Deliberating,pepe,christchurch,momo,joe,25-34,Male,High school,Republican,Very Interested,Very Much,2,1,2,1,2,5,1,1,3,2,2,2,2,1,1,0.5,FALSE,FALSE,FALSE,FALSE,FALSE,FALSE,There was nothing toxic enough about the picture to suggest any action be taken. ,1,1,5,5,5,5,4,5,5,4.5,TRUE,FALSE,FALSE,FALSE,FALSE,FALSE,The post was just asking question about the meme. I don't see any reason for punishment. ,1,2,2,2,3,5,5,5,5,5,5,Round 3 (Deliberating),It provides context and communication and is the most fair way to judge. It allows our voices to be heard and better understand the content and allows the best decision to be made. ,Round 2 (No Jury),It's unfair and does not allow actual user input. ,TRUE,TRUE,TRUE,TRUE,FALSE,1,5,This would be very satisfying and fair. It would eliminate many problems and allow users monitor content fairly.  ,5,5,5,None,workwithjoemiranda@gmail.com,9,91
AV22FQTJNBUZT,0:49:43,Delete,,15,Blind Voting,No Jury,Deliberating,pepe,christchurch,momo,Sue,35-44,Female,,,,,4,5,4,4,3,4,1,1,4,4,3,4,3,4,4,9,FALSE,TRUE,FALSE,FALSE,TRUE,FALSE,I thought it was the right decision. ,1,1,4,4,3,4,3,4,4,,FALSE,FALSE,FALSE,FALSE,FALSE,FALSE,,0,0,0,0,0,0,0,0,0,0,0,,,,,FALSE,FALSE,FALSE,FALSE,FALSE,0,0,,0,0,0,,,2,10
A32U64W0S9PUA3,0:18:15,OK,,15,Blind Voting,No Jury,Deliberating,pepe,christchurch,momo,Ryan,18-24,Male,College,Democrat,Neutral,Somewhat,3,2,4,2,2,3,1,1,5,5,5,5,5,5,5,9,FALSE,TRUE,FALSE,FALSE,TRUE,FALSE,This content is pretty offensive to not only Americans but also people around the world. 9/11 affected people from everywhere and the post is pretty inappropriate. ,1,1,4,5,5,5,5,5,5,4.5,FALSE,TRUE,FALSE,TRUE,FALSE,FALSE,"I made my decision because the post was just informing their friends. The person who posted wasn't encouraging the topic, only informing. The person seems against the content.",1,1,5,5,5,5,5,5,5,5,5,Round 3 (Deliberating),Other people were able to interact and influence the final decision. ,Round 2 (No Jury),There didn't seem much influencing on the outcome.,TRUE,FALSE,FALSE,FALSE,FALSE,5,5,These methods seem very effective in removing toxic content. ,5,5,2,No,ryanmitchell418@yahoo.com,1,31
A2DNLHS1RSTF5R,0:15:21,OK,,15,Blind Voting,No Jury,Deliberating,pepe,christchurch,momo,spindle,25-34,Female,Grad/professional,Republican,Neutral,Very Much,4,4,3,2,3,5,1,1,3,3,2,3,2,2,2,9,FALSE,TRUE,FALSE,FALSE,TRUE,FALSE,I felt it was a very hateful post against a terrorist attack that happened.,2,1,2,2,2,2,2,2,2,4.5,TRUE,FALSE,FALSE,TRUE,FALSE,FALSE,"I think the person was more curious about if it was true, so I don't see a reason to punish them. I also think just unlisting the image is enough. That way it isn't pushed to others.",2,1,5,4,3,4,4,4,4,4,4,Round 3 (Deliberating),I feel like this one gave people the chance to give their actual opinions on the matter.,Round 2 (No Jury),I felt like this one was the least fair.,FALSE,TRUE,TRUE,FALSE,FALSE,4,4,I would be ok with either outcomes.,4,5,5,I thought it was a fun project to do.,lhigginsmath@gmail.com,2,10
A2B6WQG0A9CKXQ,0:17:54,OK,,16,Blind Voting,Deliberating,No Jury,christchurch,pepe,momo,kc,25-34,Female,Grad/professional,Democrat,Interested,Somewhat,4,5,3,1,1,4,1,1,2,4,1,5,2,3,4,9,FALSE,FALSE,TRUE,TRUE,FALSE,FALSE,I thought this content was very toxic since it is publicizing a horrific and racially motivated shooting.,1,1,1,2,2,3,2,1,2,8,FALSE,TRUE,FALSE,FALSE,TRUE,FALSE,I think it is pretty toxic and the user has posted several similar ones in the past.,3,3,4,5,4,5,4,4,5,4,5,Round 2 (Deliberating),I feel like like everyone got to say what they were thinking and it helped the discussion and the resulting decision.,Round 1 (Blind Voting),"Well, I didn't see the decision for round 3 (the screenshot was small and blurry), so I'm not entirely sure. So, without knowing that, I'd say round 1, because my scores and the others were way off.",FALSE,TRUE,TRUE,TRUE,FALSE,4,3,"I think that they would be helpful for a recommendation, but I'm not sure if they should be used for enforcing a decision.",3,4,3,,,5,31
ACDTQNYOT3GG8,0:14:24,OK,,16,Blind Voting,Deliberating,No Jury,christchurch,pepe,momo,Bianca,35-44,Female,High school,Democrat,Interested,Very Much,5,3,5,1,1,5,1,1,1,1,1,1,1,1,1,10,FALSE,FALSE,TRUE,FALSE,FALSE,TRUE,Promotes violence ,1,1,3,2,4,3,3,2,2,4,FALSE,TRUE,FALSE,TRUE,FALSE,FALSE,I felt that was what was best,1,1,2,1,2,2,2,2,2,2,2,Round 1 (Blind Voting),Cant be swayed by the opinions of others,Round 3 (No Jury),Sometimes algorithms arent right,FALSE,FALSE,TRUE,FALSE,FALSE,3,3,"Thats just how I feel, I see a lot of this on a daily basis ",2,5,5,,jfsbianca@gmail.com,2,17
A2RBF3IIJP15IH,0:42:24,OK,,17,Deliberating,No Jury,Blind Voting,pepe,momo,christchurch,Ian Edwards,25-34,Male,College,Democrat,Disinterested,Somewhat,4,5,2,2,2,5,1,1,5,3,3,4,2,3,3,7.5,FALSE,TRUE,FALSE,FALSE,TRUE,FALSE,Posts that promote hate crimes should be deleted because they promote violence.,1,1,4,4,5,4,4,3,4,6.5,FALSE,TRUE,FALSE,TRUE,FALSE,FALSE,"I think if a symbol is used by a hate group, it is a hate symbol.",1,1,4,2,3,3,4,4,4,3,3,Round 3 (Blind Voting),It gets the most honest opinions.,Round 2 (No Jury),It doesn't ask for our input.,FALSE,TRUE,TRUE,TRUE,FALSE,3,2,I think user input should be considered but not placed automatically to prevent from herd mentality.,4,1,2,,,5,25
AJW3PL5UDH4BP,0:04:50,Delete,,16,Blind Voting,Deliberating,No Jury,christchurch,pepe,momo,,35-44,Male,High school,Democrat,Interested,Very Much,3,3,3,2,2,3,0,0,0,0,0,0,0,0,0,9,FALSE,TRUE,FALSE,FALSE,FALSE,TRUE,,0,0,0,0,0,0,0,0,0,,FALSE,FALSE,FALSE,FALSE,FALSE,FALSE,,0,0,0,0,0,0,0,0,0,0,0,,,,,FALSE,FALSE,FALSE,FALSE,FALSE,0,0,,0,0,0,,,0,0
A1JO6AY55FG7QU,0:19:57,OK,,16,Blind Voting,Deliberating,No Jury,christchurch,pepe,momo,Penguin19,25-34,Female,College,Democrat,Interested,Very Much,5,3,1,3,4,4,1,1,2,4,1,2,1,3,4,8.5,FALSE,TRUE,FALSE,FALSE,TRUE,FALSE,My decision was based on the content provided. The user linked to the story. He wasn't actually posting the information himself. I ,1,2,4,5,4,5,4,4,5,7,TRUE,FALSE,FALSE,TRUE,FALSE,FALSE,"I think that this process was interesting. I feel like this is not something I would want to see on social media, but it isn't as blatant as other images. The user just deserves a warning to be careful about posting things like this in the future.",2,1,4,4,3,5,4,5,5,4,5,Round 2 (Deliberating),I prefer deliberation because it allows you real-time access to other people's feelings.,Round 3 (No Jury),I did not like the no jury round because I had no say. I felt like the toxic score for that post was too low.,TRUE,TRUE,TRUE,FALSE,FALSE,5,3,I think that this process would work very well to keep social media clean. You would have to have some sort of automatic process that screens the millions of daily posts to find ones that are potentially harmful.,5,5,5,,kristen1822@gmail.com,3,40
A2VFEDAK5C1E1O,0:19:24,OK,,16,Blind Voting,Deliberating,No Jury,christchurch,pepe,momo,p,35-44,Male,High school,Democrat,Interested,Somewhat,5,5,1,1,1,5,1,5,5,5,1,5,1,5,5,9,FALSE,TRUE,FALSE,TRUE,FALSE,FALSE,I like this way because no one is influenced by others.  People need to form their own opinion.,1,1,5,5,5,5,5,5,5,10,FALSE,TRUE,FALSE,TRUE,FALSE,FALSE,This is a blatant taunt toward people that had experienced 9-11.  ,1,1,1,1,1,1,5,1,4,1,1,Round 1 (Blind Voting),It lets me vote without hearing some other people's disregard of real issues.  As in someone trying to tone down what is shown and make excuses for the poster.  Round 2 made me more angry than any other.,Round 2 (Deliberating),Same reason as above I don't care to hear other people's excuses for the poster. ,FALSE,FALSE,FALSE,FALSE,TRUE,5,1,Recommendations are fine but it is up to the social media platform to make decisions on their own.,1,3,3,No other thoughts other than thank you for the study!,,5,67
A25CFVQND4A0EV,0:19:34,OK,,16,Blind Voting,Deliberating,No Jury,christchurch,pepe,momo,Ma,18-24,Male,High school,Other,Interested,Very Much,2,3,1,1,1,5,1,5,1,1,1,1,1,1,1,0,FALSE,FALSE,FALSE,FALSE,FALSE,FALSE,"Linking to content should not be against the rules. If content breaks the rules, the actual content should be deleted and any linking to the content would be unavailable at that point. Commenting on content should not be against the rules.",1,1,1,1,1,1,1,1,1,1,FALSE,FALSE,FALSE,FALSE,FALSE,FALSE,I don't see a reason to censor content if it's just offensive or distasteful. It could be unlisted.,1,1,1,3,2,1,1,1,2,1,1,Round 2 (Deliberating),"I didn't like the way any of the rounds were handled whatsoever, I liked being able to have a discourse with the other users but I think that censorship is not the answer to this type of content at all. We need free and open platforms where people can grow and be supported positively unless they're actually organizing to hurt people. ",Round 3 (No Jury),Obviously not jury is the worst because it's pointless and arbitrary.,FALSE,FALSE,FALSE,FALSE,TRUE,1,1,"Social media platforms should be police their content unless it actually contains illegal material. This whole idea of censoring ""toxic"" content is ridiculous and immature, a garbage solution that will only further isolate and consolidate groups of people onto other platforms who wish to do harm and spread hate.",1,5,4,,Markery@live.com,4,66
A1VL7507UONPX0,0:43:39,OK,,17,Deliberating,No Jury,Blind Voting,pepe,momo,christchurch,kk2,35-44,Male,College,Democrat,Interested,Somewhat,5,4,2,3,4,5,1,1,5,4,1,4,1,4,4,9.5,FALSE,FALSE,TRUE,FALSE,FALSE,TRUE,I think free-speech is okay but not when it is on a private social media server like Facebook. People were told not to distribute anything related to that shooting. Anything related to the shooting is toxic anyway and getting Insite violence.,2,1,4,4,4,4,4,4,4,1.5,FALSE,FALSE,FALSE,FALSE,FALSE,FALSE,I did not want to change my vote because the group seemed to agree with my rating. But nobody actually said anything when I tried to chat.,4,2,5,1,3,3,4,4,4,4,4,Round 3 (Blind Voting),Chatting is probably the most fair but it is too time-consuming and logistically difficult to implement. I think giving everyone a chance to vote will be good enough to average the opinions.,Round 1 (Deliberating),Takes too much time and effort,FALSE,TRUE,FALSE,FALSE,FALSE,4,4,No system is perfect but this would at least have some rationale in why punishments are given,4,4,1,Interesting,kkim877@hotmail.com,3,20
AA9V4NE8SOA4I,0:18:01,OK,,17,Deliberating,No Jury,Blind Voting,pepe,momo,christchurch,Bill,45-54,Male,High school,Democrat,Interested,Somewhat,2,4,1,2,3,5,1,5,4,4,2,3,2,2,5,9,TRUE,TRUE,TRUE,FALSE,FALSE,TRUE,I felt this was very toxic and could lead to copycat behavior.,1,1,2,1,2,3,2,3,4,6,TRUE,TRUE,FALSE,FALSE,TRUE,FALSE,I felt the post was hate speech and doesn't belong on honest websites.,2,1,5,2,3,4,4,4,3,4,5,Round 1 (Deliberating),The deliberating felt (round 1) felt like it gave the OP the best benefit of doubt. ,Round 3 (Blind Voting),It just felt like anyone could flag a post for any reason in the end.,FALSE,TRUE,TRUE,FALSE,FALSE,2,4,"Having my recommendations taken without judgement seems empowering, but I think it could be abused. ",3,4,2,Thank You.,b.spear@aol.com,1,11
A1PLQGQ95NICAF,0:22:40,OK,,17,Deliberating,No Jury,Blind Voting,pepe,momo,christchurch,James,45-54,Male,High school,Republican,Disinterested,Very Much,5,4,2,2,1,4,1,1,4,4,3,4,3,3,5,10,FALSE,FALSE,TRUE,FALSE,FALSE,TRUE,"I vote a 10 because it is not a video that should be shared.  It holds no value for people and only has hate and death. I understand that people might share this because they feel it should be in the spotlight, but it has so many more negative effects. ",1,2,1,2,3,4,3,2,2,4,FALSE,FALSE,FALSE,TRUE,FALSE,FALSE,"Because the post held no value, it was meant to stir emotions and upset people",1,3,4,2,4,5,5,5,4,5,4,Round 1 (Deliberating),I prefer to interact with the others and come to a conclusion that everyone can agree with. ,Round 2 (No Jury),It seems more mechanical and like I had no input for a decision. ,FALSE,TRUE,TRUE,FALSE,FALSE,3,3,"I think it should be enforced more than a recommendation, as a hared rule for everyone",3,5,2,no,Fulton_73@yahoo.com,3,13
ANK8K5WTHJ61C,0:27:31,OK,,17,Deliberating,No Jury,Blind Voting,pepe,momo,christchurch,Grace,45-54,Female,College,Democrat,Very Interested,Very Much,5,5,4,2,3,5,1,1,1,2,1,1,2,1,1,10,FALSE,FALSE,TRUE,FALSE,FALSE,TRUE,This should not exist or be spread.  Those people who viewed and shared and did nothing are the same as watching a crime and taking no action.  This isn't a reality show-it was a horrific crime and there is never any justification for what he did or sharing it wither.,1,3,1,1,1,1,1,1,2,8.5,FALSE,FALSE,TRUE,FALSE,FALSE,TRUE,I took into consideration those individuals on social media who may be hurt by the images or feel hate/negative feelings and not be in a safe place knowing it can incite others.,1,2,2,3,2,2,2,1,2,1,2,Round 3 (Blind Voting),I don't think individuals in society can logically serve in a jury style method in monitoring or moderating social media.  The owners of FAcebook and other sites can't even handle the monitoring appropriately.  Everyone thinks social media is a free for all to say and do whatever you want these days with no punishment or recourse.  We seem to be going backwards in civility. The best possible way of thee choices was the blind voting in my opinion.,Round 1 (Deliberating),"While I usually like to partake in logical or philosophical argument and reasoning, I don't think it could ever work with those on social media because the majority thinks there are no rules and it is okay to post whatever you want for adults and children.  I think deliberation just causes more room for argumentative comments and personal opinions not logical determination.",TRUE,FALSE,TRUE,FALSE,FALSE,4,2,"I think it is good for the policy teams to see what the opinions and talk are out there about the posts, but it should not rule what policies to manage the social sites are by the policy teams.  Once again you could just get one-sided votes or opinions and that doesn't resolve the issue.  The companies should be managing what is right or wrong, because the public doesn't seem to be ale to do it on our own anymore.",4,5,5,I sadly don't have a lot of faith in the public doing what is right on social media.  It seems that it gets worse and not better and the younger generation as well as older generation seems to think it is our right to say and post whatever we want - no matter who it hurts or what actions they incite.,sassy3@rocketmail.com,2,26
A11Q8U6QTT8KGF,0:16:02,OK,,17,Deliberating,No Jury,Blind Voting,pepe,momo,christchurch,Decker,35-44,Male,College,Republican,Interested,Very Much,4,3,2,1,2,4,1,1,2,2,2,3,2,3,3,9.5,FALSE,FALSE,TRUE,FALSE,FALSE,TRUE,"Spreading the hate that is contained in this is not only morally wrong, but dangerous and may cause other's to do illegal things to be part of this horrible movement.",1,1,5,4,4,3,3,3,3,9,FALSE,TRUE,FALSE,FALSE,TRUE,FALSE,The meme seemed to be there only to elicit a negative reaction and push a stereotype concerning a people group.,1,1,4,1,1,3,3,2,3,2,3,Round 3 (Blind Voting),I felt this allowed me to review the material and make a decision without the positive/negative influences of other's.,Round 2 (No Jury),"I felt that I did not have a say at all, it was just decided for me.",FALSE,TRUE,TRUE,FALSE,FALSE,3,3,It would depend on how the decision is taken into consideration and how they would monitor for unforeseen consequences of the herd mentality taking this over.,3,4,4,,yeahdads@gmail.com,2,12
AR8O1107OAW4V,0:07:08,OK,,18,Deliberating,Blind Voting,No Jury,christchurch,momo,pepe,Ban?,35-44,Male,College,Independent,Very Interested,Somewhat,4,3,2,1,1,4,1,1,1,1,1,1,1,1,1,7,TRUE,TRUE,FALSE,FALSE,TRUE,FALSE,"It probably needed to be deleted, but it wasn't the worst possible conduct.",1,1,4,3,3,4,3,3,4,9.5,FALSE,FALSE,TRUE,FALSE,FALSE,TRUE,This was a clear and egregious violation.,1,1,3,1,1,1,1,2,2,1,1,Round 2 (Blind Voting),The discussion was useless.,Round 3 (No Jury),Why have people vote if you're going to override them with an algorithm?,FALSE,TRUE,FALSE,FALSE,FALSE,3,4,I don't trust the platforms to moderate themselves.,4,4,4,,jdsowers@rocketmail.com,1,3